デスティニー,  http://www8.atwiki.jp/destiny/pages/658.html
ストライクフリーダム,  http://www8.atwiki.jp/destiny/pages/686.html
レジェンド,  http://www8.atwiki.jp/destiny/pages/723.html
インフィニットジャスティス,  http://www8.atwiki.jp/destiny/pages/775.html
アカツキ（オオワシ装備）,  http://www8.atwiki.jp/destiny/pages/725.html
プロヴィデンス,  http://www8.atwiki.jp/destiny/pages/802.html
フリーダム,  http://www8.atwiki.jp/destiny/pages/724.html
ジャスティス,  http://www8.atwiki.jp/destiny/pages/801.html
アカツキ（シラヌイ装備）,  http://www8.atwiki.jp/destiny/pages/895.html
フォースインパルス,  http://www8.atwiki.jp/destiny/pages/665.html
イージス,  http://www8.atwiki.jp/destiny/pages/817.html
ソードインパルス,  http://www8.atwiki.jp/destiny/pages/726.html
ブリッツ,  http://www8.atwiki.jp/destiny/pages/820.html
ブラストインパルス,  http://www8.atwiki.jp/destiny/pages/729.html
バスター,  http://www8.atwiki.jp/destiny/pages/821.html
セイバー,  http://www8.atwiki.jp/destiny/pages/661.html
デュエルAS,  http://www8.atwiki.jp/destiny/pages/805.html
グフイグナイテッド（ハイネ機）,  http://www8.atwiki.jp/destiny/pages/730.html
エールストライク,  http://www8.atwiki.jp/destiny/pages/811.html
スラッシュザクファントム,  http://www8.atwiki.jp/destiny/pages/731.html
ソードストライク,  http://www8.atwiki.jp/destiny/pages/808.html
ブレイズザクファントム,  http://www8.atwiki.jp/destiny/pages/732.html
ランチャーストライク,  http://www8.atwiki.jp/destiny/pages/810.html
ガナーザクウォーリア（ルナマリア機）,  http://www8.atwiki.jp/destiny/pages/733.html
ストライクノワール,  http://www8.atwiki.jp/destiny/pages/797.html
ドムトルーパー,  http://www8.atwiki.jp/destiny/pages/728.html
レイダー,  http://www8.atwiki.jp/destiny/pages/803.html
ストライクルージュ,  http://www8.atwiki.jp/destiny/pages/660.html
カラミティ,  http://www8.atwiki.jp/destiny/pages/804.html
カオス,  http://www8.atwiki.jp/destiny/pages/669.html
フォビドゥン,  http://www8.atwiki.jp/destiny/pages/814.html
アビス,  http://www8.atwiki.jp/destiny/pages/671.html
ガイア,  http://www8.atwiki.jp/destiny/pages/727.html
グフイグナイテッド,  http://www8.atwiki.jp/destiny/pages/734.html
デュエル,  http://www8.atwiki.jp/destiny/pages/819.html
ザクウォーリア,  http://www8.atwiki.jp/destiny/pages/736.html
ゲイツ〔指揮官用〕,  http://www8.atwiki.jp/destiny/pages/825.html
ガナーザクウォーリア,  http://www8.atwiki.jp/destiny/pages/735.html
シグー,  http://www8.atwiki.jp/destiny/pages/833.html
ウィンダム（ネオ機）,  http://www8.atwiki.jp/destiny/pages/659.html
ラゴゥ,  http://www8.atwiki.jp/destiny/pages/809.html
ストライク（ビームライフル）,  http://www8.atwiki.jp/destiny/pages/807.html
ストライク（バズーカ）,  http://www8.atwiki.jp/destiny/pages/818.html
ムラサメ（バルトフェルド機）,  http://www8.atwiki.jp/destiny/pages/894.html
バクゥ（ミサイルポッド）,  http://www8.atwiki.jp/destiny/pages/776.html
ゾノ,  http://www8.atwiki.jp/destiny/pages/822.html
バクゥ（レールキャノン）,  http://www8.atwiki.jp/destiny/pages/700.html
ディン〔指揮官用〕,  http://www8.atwiki.jp/destiny/pages/823.html
ゲイツR,  http://www8.atwiki.jp/destiny/pages/739.html
ジン（大型ミサイル）,  http://www8.atwiki.jp/destiny/pages/826.html
ジンハイマニューバ2型,  http://www8.atwiki.jp/destiny/pages/704.html
ムラサメ,  http://www8.atwiki.jp/destiny/pages/782.html
ウィンダム（ジェットストライカー）,  http://www8.atwiki.jp/destiny/pages/737.html
ウィンダム（ミサイル）,  http://www8.atwiki.jp/destiny/pages/912.html
バビ,  http://www8.atwiki.jp/destiny/pages/740.html
ゲイツ,  http://www8.atwiki.jp/destiny/pages/829.html
ディン,  http://www8.atwiki.jp/destiny/pages/741.html
ジン（マシンガン）,  http://www8.atwiki.jp/destiny/pages/830.html
長距離強行偵察複座型ジン,  http://www8.atwiki.jp/destiny/pages/710.html
ジン（バズーカ）,  http://www8.atwiki.jp/destiny/pages/831.html
アッシュ,  http://www8.atwiki.jp/destiny/pages/774.html
ジン（特火重粒子砲）,  http://www8.atwiki.jp/destiny/pages/832.html
ダガーL（ジェットストライカー）,  http://www8.atwiki.jp/destiny/pages/722.html
M1アストレイ,  http://www8.atwiki.jp/destiny/pages/828.html
ダガーL（キャノン砲）,  http://www8.atwiki.jp/destiny/pages/715.html
ストライクダガー,  http://www8.atwiki.jp/destiny/pages/827.html
ダークダガーL,  http://www8.atwiki.jp/destiny/pages/742.html
グーン,  http://www8.atwiki.jp/destiny/pages/670.html
ザウート,  http://www8.atwiki.jp/destiny/pages/815.html
ジンオーカー,  http://www8.atwiki.jp/destiny/pages/744.html
ジンワスプ,  http://www8.atwiki.jp/destiny/pages/824.html
ガズウート,  http://www8.atwiki.jp/destiny/pages/676.html
プロトジン,  http://www8.atwiki.jp/destiny/pages/816.html
ザクウォーリア（ライブ仕様）,  http://www8.atwiki.jp/destiny/pages/865.html
